solver,grid_size,sudoku_number,evaluations,backtracks,time_taken,status
CDCL,4x4,1,1,0,0.0014240741729736328,SATISFIABLE
CDCL,4x4,10,1,0,0.0013217926025390625,SATISFIABLE
CDCL,4x4,100,1,0,0.0013430118560791016,SATISFIABLE
CDCL,4x4,11,1,0,0.0013110637664794922,SATISFIABLE
CDCL,4x4,12,1,0,0.0012891292572021484,SATISFIABLE
CDCL,4x4,13,1,0,0.0014941692352294922,SATISFIABLE
CDCL,4x4,14,1,0,0.0012574195861816406,SATISFIABLE
CDCL,4x4,15,1,0,0.0012311935424804688,SATISFIABLE
CDCL,4x4,16,1,0,0.001238107681274414,SATISFIABLE
CDCL,4x4,17,1,0,0.0027780532836914062,SATISFIABLE
CDCL,4x4,18,1,0,0.0012478828430175781,SATISFIABLE
CDCL,4x4,19,1,0,0.0015490055084228516,SATISFIABLE
CDCL,4x4,2,1,0,0.0022041797637939453,SATISFIABLE
CDCL,4x4,20,1,0,0.0011761188507080078,SATISFIABLE
CDCL,4x4,21,1,0,0.001383066177368164,SATISFIABLE
CDCL,4x4,22,1,0,0.0014379024505615234,SATISFIABLE
CDCL,4x4,23,1,0,0.0012176036834716797,SATISFIABLE
CDCL,4x4,24,1,0,0.0012319087982177734,SATISFIABLE
CDCL,4x4,25,1,0,0.0012540817260742188,SATISFIABLE
CDCL,4x4,26,1,0,0.0032501220703125,SATISFIABLE
CDCL,4x4,27,1,0,0.0013461112976074219,SATISFIABLE
CDCL,4x4,28,1,0,0.0019309520721435547,SATISFIABLE
CDCL,4x4,29,1,0,0.0031490325927734375,SATISFIABLE
CDCL,4x4,3,1,0,0.001207113265991211,SATISFIABLE
CDCL,4x4,30,1,0,0.002568960189819336,SATISFIABLE
CDCL,4x4,31,1,0,0.0012140274047851562,SATISFIABLE
CDCL,4x4,32,1,0,0.0012431144714355469,SATISFIABLE
CDCL,4x4,33,1,0,0.0012290477752685547,SATISFIABLE
CDCL,4x4,34,1,0,0.0012478828430175781,SATISFIABLE
CDCL,4x4,35,1,0,0.0012431144714355469,SATISFIABLE
CDCL,4x4,36,1,0,0.0012569427490234375,SATISFIABLE
CDCL,4x4,37,1,0,0.0012700557708740234,SATISFIABLE
CDCL,4x4,38,1,0,0.0013120174407958984,SATISFIABLE
CDCL,4x4,39,1,0,0.0013651847839355469,SATISFIABLE
CDCL,4x4,4,1,0,0.0032351016998291016,SATISFIABLE
CDCL,4x4,40,1,0,0.0013508796691894531,SATISFIABLE
CDCL,4x4,41,1,0,0.001255035400390625,SATISFIABLE
CDCL,4x4,42,1,0,0.0012600421905517578,SATISFIABLE
CDCL,4x4,43,1,0,0.001291036605834961,SATISFIABLE
CDCL,4x4,44,1,0,0.0013418197631835938,SATISFIABLE
CDCL,4x4,45,1,0,0.0012981891632080078,SATISFIABLE
CDCL,4x4,46,1,0,0.0013418197631835938,SATISFIABLE
CDCL,4x4,47,1,0,0.0012121200561523438,SATISFIABLE
CDCL,4x4,48,1,0,0.0011870861053466797,SATISFIABLE
CDCL,4x4,49,1,0,0.0012431144714355469,SATISFIABLE
CDCL,4x4,5,1,0,0.0012989044189453125,SATISFIABLE
CDCL,4x4,50,1,0,0.0013117790222167969,SATISFIABLE
CDCL,4x4,51,1,0,0.0010559558868408203,SATISFIABLE
CDCL,4x4,52,1,0,0.0012531280517578125,SATISFIABLE
CDCL,4x4,53,1,0,0.0012049674987792969,SATISFIABLE
CDCL,4x4,54,1,0,0.0011081695556640625,SATISFIABLE
CDCL,4x4,55,1,0,0.0013098716735839844,SATISFIABLE
CDCL,4x4,56,1,0,0.001302957534790039,SATISFIABLE
CDCL,4x4,57,1,0,0.0033071041107177734,SATISFIABLE
CDCL,4x4,58,1,0,0.0012450218200683594,SATISFIABLE
CDCL,4x4,59,1,0,0.0012829303741455078,SATISFIABLE
CDCL,4x4,6,1,0,0.0012519359588623047,SATISFIABLE
CDCL,4x4,60,1,0,0.0012788772583007812,SATISFIABLE
CDCL,4x4,61,1,0,0.0013632774353027344,SATISFIABLE
CDCL,4x4,62,1,0,0.0029449462890625,SATISFIABLE
CDCL,4x4,63,1,0,0.0012302398681640625,SATISFIABLE
CDCL,4x4,64,1,0,0.0011987686157226562,SATISFIABLE
CDCL,4x4,65,1,0,0.0013320446014404297,SATISFIABLE
CDCL,4x4,66,1,0,0.00335693359375,SATISFIABLE
CDCL,4x4,67,1,0,0.001352071762084961,SATISFIABLE
CDCL,4x4,68,1,0,0.0031299591064453125,SATISFIABLE
CDCL,4x4,69,1,0,0.0010929107666015625,SATISFIABLE
CDCL,4x4,7,1,0,0.0017592906951904297,SATISFIABLE
CDCL,4x4,70,1,0,0.0013127326965332031,SATISFIABLE
CDCL,4x4,71,1,0,0.0013628005981445312,SATISFIABLE
CDCL,4x4,72,1,0,0.0012559890747070312,SATISFIABLE
CDCL,4x4,73,1,0,0.0013031959533691406,SATISFIABLE
CDCL,4x4,74,1,0,0.001230001449584961,SATISFIABLE
CDCL,4x4,75,1,0,0.0012438297271728516,SATISFIABLE
CDCL,4x4,76,1,0,0.0013740062713623047,SATISFIABLE
CDCL,4x4,77,1,0,0.0012691020965576172,SATISFIABLE
CDCL,4x4,78,1,0,0.003390789031982422,SATISFIABLE
CDCL,4x4,79,1,0,0.0013430118560791016,SATISFIABLE
CDCL,4x4,8,1,0,0.0030219554901123047,SATISFIABLE
CDCL,4x4,80,1,0,0.003200054168701172,SATISFIABLE
CDCL,4x4,81,1,0,0.0031337738037109375,SATISFIABLE
CDCL,4x4,82,1,0,0.001055002212524414,SATISFIABLE
CDCL,4x4,83,1,0,0.0013477802276611328,SATISFIABLE
CDCL,4x4,84,1,0,0.001203298568725586,SATISFIABLE
CDCL,4x4,85,1,0,0.0033931732177734375,SATISFIABLE
CDCL,4x4,86,1,0,0.0012409687042236328,SATISFIABLE
CDCL,4x4,87,1,0,0.0031249523162841797,SATISFIABLE
CDCL,4x4,88,1,0,0.0012679100036621094,SATISFIABLE
CDCL,4x4,89,1,0,0.0012247562408447266,SATISFIABLE
CDCL,4x4,9,1,0,0.003170013427734375,SATISFIABLE
CDCL,4x4,90,1,0,0.0013370513916015625,SATISFIABLE
CDCL,4x4,91,1,0,0.0012521743774414062,SATISFIABLE
CDCL,4x4,92,1,0,0.0033681392669677734,SATISFIABLE
CDCL,4x4,93,1,0,0.0012569427490234375,SATISFIABLE
CDCL,4x4,94,1,0,0.0012249946594238281,SATISFIABLE
CDCL,4x4,95,1,0,0.0011968612670898438,SATISFIABLE
CDCL,4x4,96,1,0,0.0012958049774169922,SATISFIABLE
CDCL,4x4,97,1,0,0.0012669563293457031,SATISFIABLE
CDCL,4x4,98,1,0,0.0013730525970458984,SATISFIABLE
CDCL,4x4,99,1,0,0.001291036605834961,SATISFIABLE
CDCL,9x9-hard,1,41,20,0.4811530113220215,SATISFIABLE
CDCL,9x9-hard,10,3,0,0.3006608486175537,SATISFIABLE
CDCL,9x9-hard,100,15,6,0.3512139320373535,SATISFIABLE
CDCL,9x9-hard,11,46,22,0.43128204345703125,SATISFIABLE
CDCL,9x9-hard,12,18,6,0.3373739719390869,SATISFIABLE
CDCL,9x9-hard,13,18,8,0.41286611557006836,SATISFIABLE
CDCL,9x9-hard,14,7,2,0.303088903427124,SATISFIABLE
CDCL,9x9-hard,15,83,40,0.6471700668334961,SATISFIABLE
CDCL,9x9-hard,16,38,17,0.4416682720184326,SATISFIABLE
CDCL,9x9-hard,17,46,21,0.48707008361816406,SATISFIABLE
CDCL,9x9-hard,18,14,5,0.34923791885375977,SATISFIABLE
CDCL,9x9-hard,19,21,9,0.36668896675109863,SATISFIABLE
CDCL,9x9-hard,2,35,16,0.48741984367370605,SATISFIABLE
CDCL,9x9-hard,20,3,0,0.3096940517425537,SATISFIABLE
CDCL,9x9-hard,21,36,16,0.4556117057800293,SATISFIABLE
CDCL,9x9-hard,22,22,9,0.34465599060058594,SATISFIABLE
CDCL,9x9-hard,23,11,4,0.33645105361938477,SATISFIABLE
CDCL,9x9-hard,24,43,19,0.4080369472503662,SATISFIABLE
CDCL,9x9-hard,25,15,6,0.34915971755981445,SATISFIABLE
CDCL,9x9-hard,26,54,26,0.5173377990722656,SATISFIABLE
CDCL,9x9-hard,27,15,6,0.347672700881958,SATISFIABLE
CDCL,9x9-hard,28,49,23,0.43967413902282715,SATISFIABLE
CDCL,9x9-hard,29,43,20,0.45000290870666504,SATISFIABLE
CDCL,9x9-hard,3,34,15,0.38367319107055664,SATISFIABLE
CDCL,9x9-hard,30,26,11,0.40525007247924805,SATISFIABLE
CDCL,9x9-hard,31,20,9,0.3831319808959961,SATISFIABLE
CDCL,9x9-hard,32,39,17,0.47597193717956543,SATISFIABLE
CDCL,9x9-hard,33,42,19,0.45960307121276855,SATISFIABLE
CDCL,9x9-hard,34,41,19,0.526669979095459,SATISFIABLE
CDCL,9x9-hard,35,16,7,0.37760305404663086,SATISFIABLE
CDCL,9x9-hard,36,46,21,0.45847511291503906,SATISFIABLE
CDCL,9x9-hard,37,41,19,0.5032050609588623,SATISFIABLE
CDCL,9x9-hard,38,29,13,0.43938279151916504,SATISFIABLE
CDCL,9x9-hard,39,10,3,0.32981109619140625,SATISFIABLE
CDCL,9x9-hard,4,110,53,0.8631649017333984,SATISFIABLE
CDCL,9x9-hard,40,40,18,0.4804699420928955,SATISFIABLE
CDCL,9x9-hard,41,55,26,0.6147613525390625,SATISFIABLE
CDCL,9x9-hard,42,6,1,0.33223795890808105,SATISFIABLE
CDCL,9x9-hard,43,20,8,0.4064791202545166,SATISFIABLE
CDCL,9x9-hard,44,11,4,0.3346397876739502,SATISFIABLE
CDCL,9x9-hard,45,16,6,0.33222103118896484,SATISFIABLE
CDCL,9x9-hard,46,37,17,0.44272685050964355,SATISFIABLE
CDCL,9x9-hard,47,68,32,0.4757039546966553,SATISFIABLE
CDCL,9x9-hard,48,18,8,0.390949010848999,SATISFIABLE
CDCL,9x9-hard,49,6,2,0.3247060775756836,SATISFIABLE
CDCL,9x9-hard,5,126,60,0.7226040363311768,SATISFIABLE
CDCL,9x9-hard,50,31,15,0.4485797882080078,SATISFIABLE
CDCL,9x9-hard,51,5,1,0.3041367530822754,SATISFIABLE
CDCL,9x9-hard,52,11,4,0.3498399257659912,SATISFIABLE
CDCL,9x9-hard,53,6,2,0.33115291595458984,SATISFIABLE
CDCL,9x9-hard,54,17,7,0.43280816078186035,SATISFIABLE
CDCL,9x9-hard,55,29,13,0.45156383514404297,SATISFIABLE
CDCL,9x9-hard,56,74,34,0.5791850090026855,SATISFIABLE
CDCL,9x9-hard,57,12,4,0.3745098114013672,SATISFIABLE
CDCL,9x9-hard,58,94,46,0.762394905090332,SATISFIABLE
CDCL,9x9-hard,59,8,3,0.3190739154815674,SATISFIABLE
CDCL,9x9-hard,6,81,38,0.6830167770385742,SATISFIABLE
CDCL,9x9-hard,60,46,22,0.416715145111084,SATISFIABLE
CDCL,9x9-hard,61,7,2,0.3500330448150635,SATISFIABLE
CDCL,9x9-hard,62,73,35,0.5628929138183594,SATISFIABLE
CDCL,9x9-hard,63,15,6,0.34630894660949707,SATISFIABLE
CDCL,9x9-hard,64,10,4,0.34711194038391113,SATISFIABLE
CDCL,9x9-hard,65,12,4,0.368725061416626,SATISFIABLE
CDCL,9x9-hard,66,123,59,0.9523141384124756,SATISFIABLE
CDCL,9x9-hard,67,23,10,0.41241979598999023,SATISFIABLE
CDCL,9x9-hard,68,7,2,0.32752299308776855,SATISFIABLE
CDCL,9x9-hard,69,102,48,0.7150321006774902,SATISFIABLE
CDCL,9x9-hard,7,10,4,0.3455479145050049,SATISFIABLE
CDCL,9x9-hard,70,9,4,0.3498969078063965,SATISFIABLE
CDCL,9x9-hard,71,31,13,0.4300839900970459,SATISFIABLE
CDCL,9x9-hard,72,24,10,0.36508798599243164,SATISFIABLE
CDCL,9x9-hard,73,33,14,0.4180018901824951,SATISFIABLE
CDCL,9x9-hard,74,43,20,0.4999661445617676,SATISFIABLE
CDCL,9x9-hard,75,65,31,0.6099269390106201,SATISFIABLE
CDCL,9x9-hard,76,15,6,0.32703614234924316,SATISFIABLE
CDCL,9x9-hard,77,55,25,0.5501902103424072,SATISFIABLE
CDCL,9x9-hard,78,4,1,0.29941821098327637,SATISFIABLE
CDCL,9x9-hard,79,12,4,0.33837080001831055,SATISFIABLE
CDCL,9x9-hard,8,10,4,0.31720900535583496,SATISFIABLE
CDCL,9x9-hard,80,27,12,0.39418506622314453,SATISFIABLE
CDCL,9x9-hard,81,10,4,0.32811808586120605,SATISFIABLE
CDCL,9x9-hard,82,8,1,0.3138387203216553,SATISFIABLE
CDCL,9x9-hard,83,3,0,0.3550877571105957,SATISFIABLE
CDCL,9x9-hard,84,34,16,0.4375190734863281,SATISFIABLE
CDCL,9x9-hard,85,23,11,0.4010279178619385,SATISFIABLE
CDCL,9x9-hard,86,3,0,0.30255627632141113,SATISFIABLE
CDCL,9x9-hard,87,53,25,0.4634850025177002,SATISFIABLE
CDCL,9x9-hard,88,9,3,0.32881617546081543,SATISFIABLE
CDCL,9x9-hard,89,14,4,0.3486180305480957,SATISFIABLE
CDCL,9x9-hard,9,14,6,0.3636050224304199,SATISFIABLE
CDCL,9x9-hard,90,16,7,0.3508789539337158,SATISFIABLE
CDCL,9x9-hard,91,27,12,0.4330024719238281,SATISFIABLE
CDCL,9x9-hard,92,34,16,0.43483471870422363,SATISFIABLE
CDCL,9x9-hard,93,21,10,0.39181065559387207,SATISFIABLE
CDCL,9x9-hard,94,45,21,0.5557613372802734,SATISFIABLE
CDCL,9x9-hard,95,7,2,0.32755303382873535,SATISFIABLE
CDCL,9x9-hard,96,16,7,0.3620471954345703,SATISFIABLE
CDCL,9x9-hard,97,47,23,0.3965456485748291,SATISFIABLE
CDCL,9x9-hard,98,49,23,0.6103777885437012,SATISFIABLE
CDCL,9x9-hard,99,4,0,0.32001709938049316,SATISFIABLE
CDCL,9x9,1,3,1,0.30172109603881836,SATISFIABLE
CDCL,9x9,10,7,2,0.3184959888458252,SATISFIABLE
CDCL,9x9,100,1,0,0.31216907501220703,SATISFIABLE
CDCL,9x9,11,55,26,0.4943082332611084,SATISFIABLE
CDCL,9x9,12,1,0,0.29924702644348145,SATISFIABLE
CDCL,9x9,13,7,3,0.3145589828491211,SATISFIABLE
CDCL,9x9,14,9,3,0.318418025970459,SATISFIABLE
CDCL,9x9,15,2,0,0.3050539493560791,SATISFIABLE
CDCL,9x9,16,9,4,0.32958221435546875,SATISFIABLE
CDCL,9x9,17,1,0,0.311553955078125,SATISFIABLE
CDCL,9x9,18,1,0,0.30933499336242676,SATISFIABLE
CDCL,9x9,19,1,0,0.30367588996887207,SATISFIABLE
CDCL,9x9,2,1,0,0.30524182319641113,SATISFIABLE
CDCL,9x9,20,1,0,0.307358980178833,SATISFIABLE
CDCL,9x9,21,1,0,0.30292201042175293,SATISFIABLE
CDCL,9x9,22,6,1,0.31780123710632324,SATISFIABLE
CDCL,9x9,23,8,3,0.3298652172088623,SATISFIABLE
CDCL,9x9,24,1,0,0.3138246536254883,SATISFIABLE
CDCL,9x9,25,2,0,0.3051161766052246,SATISFIABLE
CDCL,9x9,26,7,2,0.32146382331848145,SATISFIABLE
CDCL,9x9,27,3,1,0.3052499294281006,SATISFIABLE
CDCL,9x9,28,4,1,0.32099413871765137,SATISFIABLE
CDCL,9x9,29,1,0,0.3104689121246338,SATISFIABLE
CDCL,9x9,3,5,1,0.3167250156402588,SATISFIABLE
CDCL,9x9,30,1,0,0.3140552043914795,SATISFIABLE
CDCL,9x9,31,3,1,0.3170602321624756,SATISFIABLE
CDCL,9x9,32,1,0,0.3104250431060791,SATISFIABLE
CDCL,9x9,33,3,1,0.31696486473083496,SATISFIABLE
CDCL,9x9,34,1,0,0.31240415573120117,SATISFIABLE
CDCL,9x9,35,13,6,0.3555610179901123,SATISFIABLE
CDCL,9x9,36,21,9,0.37536120414733887,SATISFIABLE
CDCL,9x9,37,3,1,0.30860304832458496,SATISFIABLE
CDCL,9x9,38,2,0,0.31255102157592773,SATISFIABLE
CDCL,9x9,39,1,0,0.31841301918029785,SATISFIABLE
CDCL,9x9,4,1,0,0.3053617477416992,SATISFIABLE
CDCL,9x9,40,3,0,0.3041388988494873,SATISFIABLE
CDCL,9x9,41,51,24,0.4812800884246826,SATISFIABLE
CDCL,9x9,42,1,0,0.30902886390686035,SATISFIABLE
CDCL,9x9,43,1,0,0.30785608291625977,SATISFIABLE
CDCL,9x9,44,5,2,0.3195469379425049,SATISFIABLE
CDCL,9x9,45,17,7,0.3468899726867676,SATISFIABLE
CDCL,9x9,46,4,0,0.3124699592590332,SATISFIABLE
CDCL,9x9,47,1,0,0.3077538013458252,SATISFIABLE
CDCL,9x9,48,1,0,0.7376511096954346,SATISFIABLE
CDCL,9x9,49,10,4,0.3505377769470215,SATISFIABLE
CDCL,9x9,5,1,0,0.31023120880126953,SATISFIABLE
CDCL,9x9,50,12,5,0.6641499996185303,SATISFIABLE
CDCL,9x9,51,1,0,0.3237578868865967,SATISFIABLE
CDCL,9x9,52,1,0,0.3067028522491455,SATISFIABLE
CDCL,9x9,53,2,0,0.30914902687072754,SATISFIABLE
CDCL,9x9,54,1,0,0.3007810115814209,SATISFIABLE
CDCL,9x9,55,19,9,0.48280811309814453,SATISFIABLE
CDCL,9x9,56,23,11,0.3778212070465088,SATISFIABLE
CDCL,9x9,57,1,0,0.30380678176879883,SATISFIABLE
CDCL,9x9,58,1,0,0.3187699317932129,SATISFIABLE
CDCL,9x9,59,31,13,0.374586820602417,SATISFIABLE
CDCL,9x9,6,2,0,0.31063413619995117,SATISFIABLE
CDCL,9x9,60,25,12,0.42795801162719727,SATISFIABLE
CDCL,9x9,61,12,5,0.37278008460998535,SATISFIABLE
CDCL,9x9,62,1,0,0.3119349479675293,SATISFIABLE
CDCL,9x9,63,4,1,0.31207275390625,SATISFIABLE
CDCL,9x9,64,1,0,0.3084249496459961,SATISFIABLE
CDCL,9x9,65,1,0,0.3127753734588623,SATISFIABLE
CDCL,9x9,66,8,2,0.3273499011993408,SATISFIABLE
CDCL,9x9,67,1,0,0.31644678115844727,SATISFIABLE
CDCL,9x9,68,6,2,0.3197603225708008,SATISFIABLE
CDCL,9x9,69,1,0,0.3247342109680176,SATISFIABLE
CDCL,9x9,7,1,0,0.303607702255249,SATISFIABLE
CDCL,9x9,70,1,0,0.30356717109680176,SATISFIABLE
CDCL,9x9,71,60,28,0.5140700340270996,SATISFIABLE
CDCL,9x9,72,4,1,0.32912683486938477,SATISFIABLE
CDCL,9x9,73,4,0,0.3153512477874756,SATISFIABLE
CDCL,9x9,74,3,0,0.3073880672454834,SATISFIABLE
CDCL,9x9,75,1,0,0.3110678195953369,SATISFIABLE
CDCL,9x9,76,1,0,0.3064761161804199,SATISFIABLE
CDCL,9x9,77,1,0,0.31293702125549316,SATISFIABLE
CDCL,9x9,78,1,0,0.32048821449279785,SATISFIABLE
CDCL,9x9,79,32,15,0.3777501583099365,SATISFIABLE
CDCL,9x9,8,1,0,0.3139829635620117,SATISFIABLE
CDCL,9x9,80,2,0,0.3106229305267334,SATISFIABLE
CDCL,9x9,81,13,4,0.34501194953918457,SATISFIABLE
CDCL,9x9,82,13,5,0.3294379711151123,SATISFIABLE
CDCL,9x9,83,1,0,0.30349302291870117,SATISFIABLE
CDCL,9x9,84,5,1,0.31827521324157715,SATISFIABLE
CDCL,9x9,85,1,0,0.31264591217041016,SATISFIABLE
CDCL,9x9,86,7,3,0.3287501335144043,SATISFIABLE
CDCL,9x9,87,4,1,0.3161430358886719,SATISFIABLE
CDCL,9x9,88,1,0,0.3027799129486084,SATISFIABLE
CDCL,9x9,89,5,2,0.31265783309936523,SATISFIABLE
CDCL,9x9,9,1,0,0.3094747066497803,SATISFIABLE
CDCL,9x9,90,7,3,0.3107798099517822,SATISFIABLE
CDCL,9x9,91,8,3,0.32160305976867676,SATISFIABLE
CDCL,9x9,92,12,4,0.3332858085632324,SATISFIABLE
CDCL,9x9,93,11,4,0.33487391471862793,SATISFIABLE
CDCL,9x9,94,1,0,0.3044426441192627,SATISFIABLE
CDCL,9x9,95,1,0,0.3144550323486328,SATISFIABLE
CDCL,9x9,96,7,2,0.3238351345062256,SATISFIABLE
CDCL,9x9,97,2,0,0.31082582473754883,SATISFIABLE
CDCL,9x9,98,2,0,0.3113250732421875,SATISFIABLE
CDCL,9x9,99,4,1,0.31777000427246094,SATISFIABLE
DPLL,4x4,1,1,0,0.0015561580657958984,SATISFIABLE
DPLL,4x4,10,1,0,0.0013620853424072266,SATISFIABLE
DPLL,4x4,100,1,0,0.0013148784637451172,SATISFIABLE
DPLL,4x4,11,1,0,0.0013120174407958984,SATISFIABLE
DPLL,4x4,12,1,0,0.0012841224670410156,SATISFIABLE
DPLL,4x4,13,1,0,0.0013670921325683594,SATISFIABLE
DPLL,4x4,14,1,0,0.0012929439544677734,SATISFIABLE
DPLL,4x4,15,1,0,0.0011930465698242188,SATISFIABLE
DPLL,4x4,16,1,0,0.0012879371643066406,SATISFIABLE
DPLL,4x4,17,1,0,0.0012850761413574219,SATISFIABLE
DPLL,4x4,18,1,0,0.00131988525390625,SATISFIABLE
DPLL,4x4,19,1,0,0.0012230873107910156,SATISFIABLE
DPLL,4x4,2,1,0,0.0014519691467285156,SATISFIABLE
DPLL,4x4,20,1,0,0.001219034194946289,SATISFIABLE
DPLL,4x4,21,1,0,0.0014181137084960938,SATISFIABLE
DPLL,4x4,22,1,0,0.0012359619140625,SATISFIABLE
DPLL,4x4,23,1,0,0.0012187957763671875,SATISFIABLE
DPLL,4x4,24,1,0,0.0012798309326171875,SATISFIABLE
DPLL,4x4,25,1,0,0.0031158924102783203,SATISFIABLE
DPLL,4x4,26,1,0,0.001252889633178711,SATISFIABLE
DPLL,4x4,27,1,0,0.001486063003540039,SATISFIABLE
DPLL,4x4,28,1,0,0.001310110092163086,SATISFIABLE
DPLL,4x4,29,1,0,0.0012319087982177734,SATISFIABLE
DPLL,4x4,3,1,0,0.0012726783752441406,SATISFIABLE
DPLL,4x4,30,1,0,0.0011258125305175781,SATISFIABLE
DPLL,4x4,31,1,0,0.0013000965118408203,SATISFIABLE
DPLL,4x4,32,1,0,0.0032160282135009766,SATISFIABLE
DPLL,4x4,33,1,0,0.0012857913970947266,SATISFIABLE
DPLL,4x4,34,1,0,0.00131988525390625,SATISFIABLE
DPLL,4x4,35,1,0,0.0012769699096679688,SATISFIABLE
DPLL,4x4,36,1,0,0.0033130645751953125,SATISFIABLE
DPLL,4x4,37,1,0,0.0013117790222167969,SATISFIABLE
DPLL,4x4,38,1,0,0.0012581348419189453,SATISFIABLE
DPLL,4x4,39,1,0,0.0013129711151123047,SATISFIABLE
DPLL,4x4,4,1,0,0.0012090206146240234,SATISFIABLE
DPLL,4x4,40,1,0,0.0014088153839111328,SATISFIABLE
DPLL,4x4,41,1,0,0.0012862682342529297,SATISFIABLE
DPLL,4x4,42,1,0,0.0013518333435058594,SATISFIABLE
DPLL,4x4,43,1,0,0.0012927055358886719,SATISFIABLE
DPLL,4x4,44,1,0,0.0013871192932128906,SATISFIABLE
DPLL,4x4,45,1,0,0.001222848892211914,SATISFIABLE
DPLL,4x4,46,1,0,0.001374959945678711,SATISFIABLE
DPLL,4x4,47,1,0,0.0012891292572021484,SATISFIABLE
DPLL,4x4,48,1,0,0.0012600421905517578,SATISFIABLE
DPLL,4x4,49,1,0,0.0013120174407958984,SATISFIABLE
DPLL,4x4,5,1,0,0.0013141632080078125,SATISFIABLE
DPLL,4x4,50,1,0,0.0015270709991455078,SATISFIABLE
DPLL,4x4,51,1,0,0.0011289119720458984,SATISFIABLE
DPLL,4x4,52,1,0,0.001332998275756836,SATISFIABLE
DPLL,4x4,53,1,0,0.0031042098999023438,SATISFIABLE
DPLL,4x4,54,1,0,0.0011489391326904297,SATISFIABLE
DPLL,4x4,55,1,0,0.0013492107391357422,SATISFIABLE
DPLL,4x4,56,1,0,0.0033071041107177734,SATISFIABLE
DPLL,4x4,57,1,0,0.0013308525085449219,SATISFIABLE
DPLL,4x4,58,1,0,0.0013470649719238281,SATISFIABLE
DPLL,4x4,59,1,0,0.001316070556640625,SATISFIABLE
DPLL,4x4,6,1,0,0.001222848892211914,SATISFIABLE
DPLL,4x4,60,1,0,0.0012972354888916016,SATISFIABLE
DPLL,4x4,61,1,0,0.0035610198974609375,SATISFIABLE
DPLL,4x4,62,1,0,0.0014557838439941406,SATISFIABLE
DPLL,4x4,63,1,0,0.0013260841369628906,SATISFIABLE
DPLL,4x4,64,1,0,0.0012080669403076172,SATISFIABLE
DPLL,4x4,65,1,0,0.0014159679412841797,SATISFIABLE
DPLL,4x4,66,1,0,0.001956939697265625,SATISFIABLE
DPLL,4x4,67,1,0,0.0014126300811767578,SATISFIABLE
DPLL,4x4,68,1,0,0.0012979507446289062,SATISFIABLE
DPLL,4x4,69,1,0,0.0011661052703857422,SATISFIABLE
DPLL,4x4,7,1,0,0.0012881755828857422,SATISFIABLE
DPLL,4x4,70,1,0,0.003100872039794922,SATISFIABLE
DPLL,4x4,71,1,0,0.0012049674987792969,SATISFIABLE
DPLL,4x4,72,1,0,0.0013308525085449219,SATISFIABLE
DPLL,4x4,73,1,0,0.0012981891632080078,SATISFIABLE
DPLL,4x4,74,1,0,0.003123760223388672,SATISFIABLE
DPLL,4x4,75,1,0,0.0012881755828857422,SATISFIABLE
DPLL,4x4,76,1,0,0.0013427734375,SATISFIABLE
DPLL,4x4,77,1,0,0.0013060569763183594,SATISFIABLE
DPLL,4x4,78,1,0,0.0013217926025390625,SATISFIABLE
DPLL,4x4,79,1,0,0.0033719539642333984,SATISFIABLE
DPLL,4x4,8,1,0,0.0012001991271972656,SATISFIABLE
DPLL,4x4,80,1,0,0.003324747085571289,SATISFIABLE
DPLL,4x4,81,1,0,0.0012679100036621094,SATISFIABLE
DPLL,4x4,82,1,0,0.0028231143951416016,SATISFIABLE
DPLL,4x4,83,1,0,0.0013401508331298828,SATISFIABLE
DPLL,4x4,84,1,0,0.0013020038604736328,SATISFIABLE
DPLL,4x4,85,1,0,0.0013208389282226562,SATISFIABLE
DPLL,4x4,86,1,0,0.0013270378112792969,SATISFIABLE
DPLL,4x4,87,1,0,0.003267049789428711,SATISFIABLE
DPLL,4x4,88,1,0,0.0013077259063720703,SATISFIABLE
DPLL,4x4,89,1,0,0.003220081329345703,SATISFIABLE
DPLL,4x4,9,1,0,0.0013079643249511719,SATISFIABLE
DPLL,4x4,90,1,0,0.0013570785522460938,SATISFIABLE
DPLL,4x4,91,1,0,0.0012700557708740234,SATISFIABLE
DPLL,4x4,92,1,0,0.0033528804779052734,SATISFIABLE
DPLL,4x4,93,1,0,0.0014629364013671875,SATISFIABLE
DPLL,4x4,94,1,0,0.0013267993927001953,SATISFIABLE
DPLL,4x4,95,1,0,0.0012791156768798828,SATISFIABLE
DPLL,4x4,96,1,0,0.003449678421020508,SATISFIABLE
DPLL,4x4,97,1,0,0.0033121109008789062,SATISFIABLE
DPLL,4x4,98,1,0,0.0033898353576660156,SATISFIABLE
DPLL,4x4,99,1,0,0.0013480186462402344,SATISFIABLE
DPLL,9x9-hard,1,41,57,0.48078489303588867,SATISFIABLE
DPLL,9x9-hard,10,3,0,0.30881786346435547,SATISFIABLE
DPLL,9x9-hard,100,15,15,0.3695948123931885,SATISFIABLE
DPLL,9x9-hard,11,46,56,0.44650983810424805,SATISFIABLE
DPLL,9x9-hard,12,18,17,0.3515439033508301,SATISFIABLE
DPLL,9x9-hard,13,18,23,0.42332005500793457,SATISFIABLE
DPLL,9x9-hard,14,7,4,0.31876707077026367,SATISFIABLE
DPLL,9x9-hard,15,83,116,0.6681420803070068,SATISFIABLE
DPLL,9x9-hard,16,38,45,0.46903085708618164,SATISFIABLE
DPLL,9x9-hard,17,46,61,0.49949193000793457,SATISFIABLE
DPLL,9x9-hard,18,14,12,0.3595619201660156,SATISFIABLE
DPLL,9x9-hard,19,21,24,0.40601086616516113,SATISFIABLE
DPLL,9x9-hard,2,35,44,0.559014081954956,SATISFIABLE
DPLL,9x9-hard,20,3,0,0.3602480888366699,SATISFIABLE
DPLL,9x9-hard,21,36,42,0.5062830448150635,SATISFIABLE
DPLL,9x9-hard,22,22,25,0.37708592414855957,SATISFIABLE
DPLL,9x9-hard,23,11,8,0.7224540710449219,SATISFIABLE
DPLL,9x9-hard,24,43,53,0.47440004348754883,SATISFIABLE
DPLL,9x9-hard,25,15,14,0.36081576347351074,SATISFIABLE
DPLL,9x9-hard,26,54,72,0.5468149185180664,SATISFIABLE
DPLL,9x9-hard,27,15,16,0.35761499404907227,SATISFIABLE
DPLL,9x9-hard,28,49,66,0.45235610008239746,SATISFIABLE
DPLL,9x9-hard,29,43,57,0.45336008071899414,SATISFIABLE
DPLL,9x9-hard,3,34,43,0.3935732841491699,SATISFIABLE
DPLL,9x9-hard,30,26,27,0.4160799980163574,SATISFIABLE
DPLL,9x9-hard,31,20,22,0.4522359371185303,SATISFIABLE
DPLL,9x9-hard,32,39,43,0.5202531814575195,SATISFIABLE
DPLL,9x9-hard,33,42,51,0.6129279136657715,SATISFIABLE
DPLL,9x9-hard,34,41,51,0.5718119144439697,SATISFIABLE
DPLL,9x9-hard,35,16,17,0.6370201110839844,SATISFIABLE
DPLL,9x9-hard,36,46,61,0.5200541019439697,SATISFIABLE
DPLL,9x9-hard,37,41,46,0.6072041988372803,SATISFIABLE
DPLL,9x9-hard,38,29,33,0.454876184463501,SATISFIABLE
DPLL,9x9-hard,39,10,6,0.3345370292663574,SATISFIABLE
DPLL,9x9-hard,4,110,157,0.9913249015808105,SATISFIABLE
DPLL,9x9-hard,40,40,47,0.545529842376709,SATISFIABLE
DPLL,9x9-hard,41,55,71,0.6957461833953857,SATISFIABLE
DPLL,9x9-hard,42,6,2,0.3429739475250244,SATISFIABLE
DPLL,9x9-hard,43,20,21,0.42086076736450195,SATISFIABLE
DPLL,9x9-hard,44,11,10,0.3780252933502197,SATISFIABLE
DPLL,9x9-hard,45,16,15,0.39284586906433105,SATISFIABLE
DPLL,9x9-hard,46,37,47,0.48409605026245117,SATISFIABLE
DPLL,9x9-hard,47,68,94,0.4922208786010742,SATISFIABLE
DPLL,9x9-hard,48,18,22,0.39581990242004395,SATISFIABLE
DPLL,9x9-hard,49,6,4,0.33487892150878906,SATISFIABLE
DPLL,9x9-hard,5,126,170,0.8288271427154541,SATISFIABLE
DPLL,9x9-hard,50,31,43,0.49875473976135254,SATISFIABLE
DPLL,9x9-hard,51,5,2,0.31261205673217773,SATISFIABLE
DPLL,9x9-hard,52,11,10,0.3630797863006592,SATISFIABLE
DPLL,9x9-hard,53,6,4,0.3252742290496826,SATISFIABLE
DPLL,9x9-hard,54,17,18,0.471768856048584,SATISFIABLE
DPLL,9x9-hard,55,29,33,0.4953289031982422,SATISFIABLE
DPLL,9x9-hard,56,74,94,0.6154639720916748,SATISFIABLE
DPLL,9x9-hard,57,12,8,0.3386240005493164,SATISFIABLE
DPLL,9x9-hard,58,94,130,0.784574031829834,SATISFIABLE
DPLL,9x9-hard,59,8,6,0.3704798221588135,SATISFIABLE
DPLL,9x9-hard,6,81,108,0.706063985824585,SATISFIABLE
DPLL,9x9-hard,60,46,62,0.42041826248168945,SATISFIABLE
DPLL,9x9-hard,61,7,4,0.3561398983001709,SATISFIABLE
DPLL,9x9-hard,62,73,98,0.5824661254882812,SATISFIABLE
DPLL,9x9-hard,63,15,16,0.3495790958404541,SATISFIABLE
DPLL,9x9-hard,64,10,9,0.35027098655700684,SATISFIABLE
DPLL,9x9-hard,65,12,9,0.3773376941680908,SATISFIABLE
DPLL,9x9-hard,66,123,166,1.0677680969238281,SATISFIABLE
DPLL,9x9-hard,67,23,25,0.4334859848022461,SATISFIABLE
DPLL,9x9-hard,68,7,4,0.33175206184387207,SATISFIABLE
DPLL,9x9-hard,69,102,136,0.7418727874755859,SATISFIABLE
DPLL,9x9-hard,7,10,8,0.35404014587402344,SATISFIABLE
DPLL,9x9-hard,70,9,8,0.4312732219696045,SATISFIABLE
DPLL,9x9-hard,71,31,36,0.5267059803009033,SATISFIABLE
DPLL,9x9-hard,72,24,25,0.3696713447570801,SATISFIABLE
DPLL,9x9-hard,73,33,37,0.42231202125549316,SATISFIABLE
DPLL,9x9-hard,74,43,57,0.5181138515472412,SATISFIABLE
DPLL,9x9-hard,75,65,87,0.6302180290222168,SATISFIABLE
DPLL,9x9-hard,76,15,17,0.3319849967956543,SATISFIABLE
DPLL,9x9-hard,77,55,68,0.5781807899475098,SATISFIABLE
DPLL,9x9-hard,78,4,2,0.3021688461303711,SATISFIABLE
DPLL,9x9-hard,79,12,8,0.33674073219299316,SATISFIABLE
DPLL,9x9-hard,8,10,8,0.3215789794921875,SATISFIABLE
DPLL,9x9-hard,80,27,32,0.4038810729980469,SATISFIABLE
DPLL,9x9-hard,81,10,9,0.3336608409881592,SATISFIABLE
DPLL,9x9-hard,82,8,2,0.3185091018676758,SATISFIABLE
DPLL,9x9-hard,83,3,0,0.32399702072143555,SATISFIABLE
DPLL,9x9-hard,84,34,46,0.4473731517791748,SATISFIABLE
DPLL,9x9-hard,85,23,29,0.4056870937347412,SATISFIABLE
DPLL,9x9-hard,86,3,0,0.3047029972076416,SATISFIABLE
DPLL,9x9-hard,87,53,69,0.4719200134277344,SATISFIABLE
DPLL,9x9-hard,88,9,7,0.3299870491027832,SATISFIABLE
DPLL,9x9-hard,89,14,9,0.3593778610229492,SATISFIABLE
DPLL,9x9-hard,9,14,15,0.3701462745666504,SATISFIABLE
DPLL,9x9-hard,90,16,18,0.35400986671447754,SATISFIABLE
DPLL,9x9-hard,91,27,33,0.4373910427093506,SATISFIABLE
DPLL,9x9-hard,92,34,40,0.4414839744567871,SATISFIABLE
DPLL,9x9-hard,93,21,27,0.3899867534637451,SATISFIABLE
DPLL,9x9-hard,94,45,59,0.5825977325439453,SATISFIABLE
DPLL,9x9-hard,95,7,4,0.33075571060180664,SATISFIABLE
DPLL,9x9-hard,96,16,18,0.3719649314880371,SATISFIABLE
DPLL,9x9-hard,97,47,66,0.40263891220092773,SATISFIABLE
DPLL,9x9-hard,98,49,62,0.6201369762420654,SATISFIABLE
DPLL,9x9-hard,99,4,0,0.31790590286254883,SATISFIABLE
DPLL,9x9,1,3,2,0.3027350902557373,SATISFIABLE
DPLL,9x9,10,7,4,0.32050013542175293,SATISFIABLE
DPLL,9x9,100,1,0,0.31260180473327637,SATISFIABLE
DPLL,9x9,11,55,73,0.5104188919067383,SATISFIABLE
DPLL,9x9,12,1,0,0.30728793144226074,SATISFIABLE
DPLL,9x9,13,7,6,0.31769704818725586,SATISFIABLE
DPLL,9x9,14,9,7,0.3201632499694824,SATISFIABLE
DPLL,9x9,15,2,0,0.30890798568725586,SATISFIABLE
DPLL,9x9,16,9,9,0.3342111110687256,SATISFIABLE
DPLL,9x9,17,1,0,0.3146932125091553,SATISFIABLE
DPLL,9x9,18,1,0,0.30960512161254883,SATISFIABLE
DPLL,9x9,19,1,0,0.3053138256072998,SATISFIABLE
DPLL,9x9,2,1,0,0.3077058792114258,SATISFIABLE
DPLL,9x9,20,1,0,0.31125617027282715,SATISFIABLE
DPLL,9x9,21,1,0,0.3033730983734131,SATISFIABLE
DPLL,9x9,22,6,2,0.3228719234466553,SATISFIABLE
DPLL,9x9,23,8,8,0.3325982093811035,SATISFIABLE
DPLL,9x9,24,1,0,0.3159770965576172,SATISFIABLE
DPLL,9x9,25,2,0,0.30741024017333984,SATISFIABLE
DPLL,9x9,26,7,4,0.323836088180542,SATISFIABLE
DPLL,9x9,27,3,2,0.3067200183868408,SATISFIABLE
DPLL,9x9,28,4,2,0.3238668441772461,SATISFIABLE
DPLL,9x9,29,1,0,0.31049013137817383,SATISFIABLE
DPLL,9x9,3,5,2,0.3228459358215332,SATISFIABLE
DPLL,9x9,30,1,0,0.31616902351379395,SATISFIABLE
DPLL,9x9,31,3,2,0.31932783126831055,SATISFIABLE
DPLL,9x9,32,1,0,0.3116788864135742,SATISFIABLE
DPLL,9x9,33,3,2,0.3199141025543213,SATISFIABLE
DPLL,9x9,34,1,0,0.3164212703704834,SATISFIABLE
DPLL,9x9,35,13,15,0.36194396018981934,SATISFIABLE
DPLL,9x9,36,21,22,0.3745448589324951,SATISFIABLE
DPLL,9x9,37,3,2,0.310502290725708,SATISFIABLE
DPLL,9x9,38,2,0,0.31197285652160645,SATISFIABLE
DPLL,9x9,39,1,0,0.32436299324035645,SATISFIABLE
DPLL,9x9,4,1,0,0.3075850009918213,SATISFIABLE
DPLL,9x9,40,3,0,0.30791592597961426,SATISFIABLE
DPLL,9x9,41,51,67,0.4926431179046631,SATISFIABLE
DPLL,9x9,42,1,0,0.3111088275909424,SATISFIABLE
DPLL,9x9,43,1,0,0.30876803398132324,SATISFIABLE
DPLL,9x9,44,5,4,0.32525086402893066,SATISFIABLE
DPLL,9x9,45,17,14,0.35395002365112305,SATISFIABLE
DPLL,9x9,46,4,0,0.31449389457702637,SATISFIABLE
DPLL,9x9,47,1,0,0.31279683113098145,SATISFIABLE
DPLL,9x9,48,1,0,0.3074049949645996,SATISFIABLE
DPLL,9x9,49,10,10,0.34301280975341797,SATISFIABLE
DPLL,9x9,5,1,0,0.3106660842895508,SATISFIABLE
DPLL,9x9,50,12,11,0.35454487800598145,SATISFIABLE
DPLL,9x9,51,1,0,0.31156396865844727,SATISFIABLE
DPLL,9x9,52,1,0,0.3125779628753662,SATISFIABLE
DPLL,9x9,53,2,0,0.31200098991394043,SATISFIABLE
DPLL,9x9,54,1,0,0.3028578758239746,SATISFIABLE
DPLL,9x9,55,19,26,0.3638131618499756,SATISFIABLE
DPLL,9x9,56,23,27,0.3861851692199707,SATISFIABLE
DPLL,9x9,57,1,0,0.3064897060394287,SATISFIABLE
DPLL,9x9,58,1,0,0.3206148147583008,SATISFIABLE
DPLL,9x9,59,31,32,0.38485074043273926,SATISFIABLE
DPLL,9x9,6,2,0,0.31168389320373535,SATISFIABLE
DPLL,9x9,60,25,32,0.42730712890625,SATISFIABLE
DPLL,9x9,61,12,10,0.3779268264770508,SATISFIABLE
DPLL,9x9,62,1,0,0.31427478790283203,SATISFIABLE
DPLL,9x9,63,4,2,0.31354594230651855,SATISFIABLE
DPLL,9x9,64,1,0,0.3104441165924072,SATISFIABLE
DPLL,9x9,65,1,0,0.3189840316772461,SATISFIABLE
DPLL,9x9,66,8,4,0.3315420150756836,SATISFIABLE
DPLL,9x9,67,1,0,0.3190798759460449,SATISFIABLE
DPLL,9x9,68,6,4,0.35869383811950684,SATISFIABLE
DPLL,9x9,69,1,0,0.32411694526672363,SATISFIABLE
DPLL,9x9,7,1,0,0.3086709976196289,SATISFIABLE
DPLL,9x9,70,1,0,0.30580902099609375,SATISFIABLE
DPLL,9x9,71,60,76,0.5319018363952637,SATISFIABLE
DPLL,9x9,72,4,2,0.3195641040802002,SATISFIABLE
DPLL,9x9,73,4,0,0.322674036026001,SATISFIABLE
DPLL,9x9,74,3,0,0.3102240562438965,SATISFIABLE
DPLL,9x9,75,1,0,0.3102240562438965,SATISFIABLE
DPLL,9x9,76,1,0,0.30819010734558105,SATISFIABLE
DPLL,9x9,77,1,0,0.3153512477874756,SATISFIABLE
DPLL,9x9,78,1,0,0.3219931125640869,SATISFIABLE
DPLL,9x9,79,32,40,0.38330507278442383,SATISFIABLE
DPLL,9x9,8,1,0,0.31162118911743164,SATISFIABLE
DPLL,9x9,80,2,0,0.3119978904724121,SATISFIABLE
DPLL,9x9,81,13,8,0.3434591293334961,SATISFIABLE
DPLL,9x9,82,13,12,0.33265089988708496,SATISFIABLE
DPLL,9x9,83,1,0,0.30489087104797363,SATISFIABLE
DPLL,9x9,84,5,2,0.3202192783355713,SATISFIABLE
DPLL,9x9,85,1,0,0.3143019676208496,SATISFIABLE
DPLL,9x9,86,7,8,0.33588695526123047,SATISFIABLE
DPLL,9x9,87,4,2,0.31830286979675293,SATISFIABLE
DPLL,9x9,88,1,0,0.3042631149291992,SATISFIABLE
DPLL,9x9,89,5,4,0.31234025955200195,SATISFIABLE
DPLL,9x9,9,1,0,0.3076338768005371,SATISFIABLE
DPLL,9x9,90,7,7,0.31601691246032715,SATISFIABLE
DPLL,9x9,91,8,7,0.32948994636535645,SATISFIABLE
DPLL,9x9,92,12,8,0.33318495750427246,SATISFIABLE
DPLL,9x9,93,11,8,0.3370511531829834,SATISFIABLE
DPLL,9x9,94,1,0,0.30876994132995605,SATISFIABLE
DPLL,9x9,95,1,0,0.31682515144348145,SATISFIABLE
DPLL,9x9,96,7,4,0.32727813720703125,SATISFIABLE
DPLL,9x9,97,2,0,0.31019091606140137,SATISFIABLE
DPLL,9x9,98,2,0,0.3115959167480469,SATISFIABLE
DPLL,9x9,99,4,2,0.32149600982666016,SATISFIABLE
JW,4x4,1,1,0,0.0015628337860107422,SATISFIABLE
JW,4x4,10,1,0,0.0012350082397460938,SATISFIABLE
JW,4x4,100,1,0,0.001291036605834961,SATISFIABLE
JW,4x4,11,1,0,0.001280069351196289,SATISFIABLE
JW,4x4,12,1,0,0.001184225082397461,SATISFIABLE
JW,4x4,13,1,0,0.0013549327850341797,SATISFIABLE
JW,4x4,14,1,0,0.0012662410736083984,SATISFIABLE
JW,4x4,15,1,0,0.0012018680572509766,SATISFIABLE
JW,4x4,16,1,0,0.0013148784637451172,SATISFIABLE
JW,4x4,17,1,0,0.0031609535217285156,SATISFIABLE
JW,4x4,18,1,0,0.0012671947479248047,SATISFIABLE
JW,4x4,19,1,0,0.003278017044067383,SATISFIABLE
JW,4x4,2,1,0,0.0022361278533935547,SATISFIABLE
JW,4x4,20,1,0,0.0011661052703857422,SATISFIABLE
JW,4x4,21,1,0,0.001425027847290039,SATISFIABLE
JW,4x4,22,1,0,0.0012199878692626953,SATISFIABLE
JW,4x4,23,1,0,0.003078937530517578,SATISFIABLE
JW,4x4,24,1,0,0.0012340545654296875,SATISFIABLE
JW,4x4,25,1,0,0.0015559196472167969,SATISFIABLE
JW,4x4,26,1,0,0.0012900829315185547,SATISFIABLE
JW,4x4,27,1,0,0.001374959945678711,SATISFIABLE
JW,4x4,28,1,0,0.003565073013305664,SATISFIABLE
JW,4x4,29,1,0,0.001239776611328125,SATISFIABLE
JW,4x4,3,1,0,0.0013959407806396484,SATISFIABLE
JW,4x4,30,1,0,0.0010497570037841797,SATISFIABLE
JW,4x4,31,1,0,0.0012269020080566406,SATISFIABLE
JW,4x4,32,1,0,0.001338958740234375,SATISFIABLE
JW,4x4,33,1,0,0.003278017044067383,SATISFIABLE
JW,4x4,34,1,0,0.001300811767578125,SATISFIABLE
JW,4x4,35,1,0,0.0012738704681396484,SATISFIABLE
JW,4x4,36,1,0,0.0012903213500976562,SATISFIABLE
JW,4x4,37,1,0,0.0013391971588134766,SATISFIABLE
JW,4x4,38,1,0,0.0012569427490234375,SATISFIABLE
JW,4x4,39,1,0,0.0012826919555664062,SATISFIABLE
JW,4x4,4,1,0,0.0011582374572753906,SATISFIABLE
JW,4x4,40,1,0,0.0013089179992675781,SATISFIABLE
JW,4x4,41,1,0,0.0032656192779541016,SATISFIABLE
JW,4x4,42,1,0,0.0012888908386230469,SATISFIABLE
JW,4x4,43,1,0,0.0012421607971191406,SATISFIABLE
JW,4x4,44,1,0,0.0013248920440673828,SATISFIABLE
JW,4x4,45,1,0,0.001238107681274414,SATISFIABLE
JW,4x4,46,1,0,0.0013539791107177734,SATISFIABLE
JW,4x4,47,1,0,0.0012559890747070312,SATISFIABLE
JW,4x4,48,1,0,0.0030388832092285156,SATISFIABLE
JW,4x4,49,1,0,0.001260995864868164,SATISFIABLE
JW,4x4,5,1,0,0.001249074935913086,SATISFIABLE
JW,4x4,50,1,0,0.0012810230255126953,SATISFIABLE
JW,4x4,51,1,0,0.0010769367218017578,SATISFIABLE
JW,4x4,52,1,0,0.0012950897216796875,SATISFIABLE
JW,4x4,53,1,0,0.0012989044189453125,SATISFIABLE
JW,4x4,54,1,0,0.0010802745819091797,SATISFIABLE
JW,4x4,55,1,0,0.0013310909271240234,SATISFIABLE
JW,4x4,56,1,0,0.0012760162353515625,SATISFIABLE
JW,4x4,57,1,0,0.0012960433959960938,SATISFIABLE
JW,4x4,58,1,0,0.0012238025665283203,SATISFIABLE
JW,4x4,59,1,0,0.001355886459350586,SATISFIABLE
JW,4x4,6,1,0,0.0012350082397460938,SATISFIABLE
JW,4x4,60,1,0,0.0012531280517578125,SATISFIABLE
JW,4x4,61,1,0,0.0012998580932617188,SATISFIABLE
JW,4x4,62,1,0,0.0013477802276611328,SATISFIABLE
JW,4x4,63,1,0,0.003255128860473633,SATISFIABLE
JW,4x4,64,1,0,0.0012097358703613281,SATISFIABLE
JW,4x4,65,1,0,0.003453969955444336,SATISFIABLE
JW,4x4,66,1,0,0.0014431476593017578,SATISFIABLE
JW,4x4,67,1,0,0.001322031021118164,SATISFIABLE
JW,4x4,68,1,0,0.0012652873992919922,SATISFIABLE
JW,4x4,69,1,0,0.0011279582977294922,SATISFIABLE
JW,4x4,7,1,0,0.0013051033020019531,SATISFIABLE
JW,4x4,70,1,0,0.001234292984008789,SATISFIABLE
JW,4x4,71,1,0,0.001210927963256836,SATISFIABLE
JW,4x4,72,1,0,0.0012972354888916016,SATISFIABLE
JW,4x4,73,1,0,0.0012652873992919922,SATISFIABLE
JW,4x4,74,1,0,0.0011928081512451172,SATISFIABLE
JW,4x4,75,1,0,0.0014951229095458984,SATISFIABLE
JW,4x4,76,1,0,0.0012638568878173828,SATISFIABLE
JW,4x4,77,1,0,0.0012538433074951172,SATISFIABLE
JW,4x4,78,1,0,0.0012941360473632812,SATISFIABLE
JW,4x4,79,1,0,0.0013523101806640625,SATISFIABLE
JW,4x4,8,1,0,0.0011751651763916016,SATISFIABLE
JW,4x4,80,1,0,0.0013110637664794922,SATISFIABLE
JW,4x4,81,1,0,0.003258943557739258,SATISFIABLE
JW,4x4,82,1,0,0.0010418891906738281,SATISFIABLE
JW,4x4,83,1,0,0.001302957534790039,SATISFIABLE
JW,4x4,84,1,0,0.001196146011352539,SATISFIABLE
JW,4x4,85,1,0,0.0012960433959960938,SATISFIABLE
JW,4x4,86,1,0,0.0013401508331298828,SATISFIABLE
JW,4x4,87,1,0,0.001277923583984375,SATISFIABLE
JW,4x4,88,1,0,0.0013020038604736328,SATISFIABLE
JW,4x4,89,1,0,0.0014371871948242188,SATISFIABLE
JW,4x4,9,1,0,0.0012369155883789062,SATISFIABLE
JW,4x4,90,1,0,0.0012538433074951172,SATISFIABLE
JW,4x4,91,1,0,0.0030851364135742188,SATISFIABLE
JW,4x4,92,1,0,0.0012629032135009766,SATISFIABLE
JW,4x4,93,1,0,0.0012710094451904297,SATISFIABLE
JW,4x4,94,1,0,0.0012698173522949219,SATISFIABLE
JW,4x4,95,1,0,0.0012400150299072266,SATISFIABLE
JW,4x4,96,1,0,0.001641988754272461,SATISFIABLE
JW,4x4,97,1,0,0.001294851303100586,SATISFIABLE
JW,4x4,98,1,0,0.0033648014068603516,SATISFIABLE
JW,4x4,99,1,0,0.0012547969818115234,SATISFIABLE
JW,9x9-hard,1,31498,47237,72.39207816123962,SATISFIABLE
JW,9x9-hard,10,2163,3231,4.945806980133057,SATISFIABLE
JW,9x9-hard,100,36895,55281,95.9154760837555,SATISFIABLE
JW,9x9-hard,11,23438,35122,63.404820919036865,SATISFIABLE
JW,9x9-hard,12,2140,3185,5.117538928985596,SATISFIABLE
JW,9x9-hard,13,538,772,1.400818109512329,SATISFIABLE
JW,9x9-hard,14,35472,53182,86.37727212905884,SATISFIABLE
JW,9x9-hard,15,467,667,1.2530691623687744,SATISFIABLE
JW,9x9-hard,16,1260,1871,2.8529279232025146,SATISFIABLE
JW,9x9-hard,17,1280,1880,2.7755589485168457,SATISFIABLE
JW,9x9-hard,18,310,447,1.1690151691436768,SATISFIABLE
JW,9x9-hard,19,6214,9304,15.232438087463379,SATISFIABLE
JW,9x9-hard,2,6214,9304,15.232438087463379,UNSATISFIABLE
JW,9x9-hard,20,443,642,1.35825514793396,SATISFIABLE
JW,9x9-hard,21,3051,4558,8.226180076599121,SATISFIABLE
JW,9x9-hard,22,1212,1796,2.8438708782196045,SATISFIABLE
JW,9x9-hard,23,25085,37597,68.75322794914246,SATISFIABLE
JW,9x9-hard,24,3871,5763,7.612890005111694,SATISFIABLE
JW,9x9-hard,25,24563,36806,62.83541393280029,SATISFIABLE
JW,9x9-hard,26,10354,15511,22.92427396774292,SATISFIABLE
JW,9x9-hard,27,6821,10194,17.32574701309204,SATISFIABLE
JW,9x9-hard,28,467,688,1.1785218715667725,SATISFIABLE
JW,9x9-hard,29,2419,3584,5.058969259262085,SATISFIABLE
JW,9x9-hard,3,2419,3584,5.058969259262085,UNSATISFIABLE
JW,9x9-hard,30,13009,19487,34.19132995605469,SATISFIABLE
JW,9x9-hard,31,9470,14172,20.88274097442627,SATISFIABLE
JW,9x9-hard,32,910,1341,2.2593181133270264,SATISFIABLE
JW,9x9-hard,33,3474,5188,8.066212892532349,SATISFIABLE
JW,9x9-hard,34,1594,2362,4.532853126525879,SATISFIABLE
JW,9x9-hard,35,20101,30128,53.53818702697754,SATISFIABLE
JW,9x9-hard,36,1520,2256,4.657840728759766,SATISFIABLE
JW,9x9-hard,37,5245,7839,13.941222190856934,SATISFIABLE
JW,9x9-hard,38,3125,4635,6.470583915710449,SATISFIABLE
JW,9x9-hard,39,557,794,1.4355030059814453,SATISFIABLE
JW,9x9-hard,4,3589,5328,8.6394362449646,SATISFIABLE
JW,9x9-hard,40,8445,12657,21.970026969909668,SATISFIABLE
JW,9x9-hard,41,4831,7213,13.886263132095337,SATISFIABLE
JW,9x9-hard,42,1307,1943,3.0580947399139404,SATISFIABLE
JW,9x9-hard,43,29578,44339,72.43106365203857,SATISFIABLE
JW,9x9-hard,44,929,1352,2.2119810581207275,SATISFIABLE
JW,9x9-hard,45,1603,2377,3.2959108352661133,SATISFIABLE
JW,9x9-hard,46,121,167,0.5477690696716309,SATISFIABLE
JW,9x9-hard,47,743,1091,1.8691248893737793,SATISFIABLE
JW,9x9-hard,48,4348,6509,11.390668869018555,SATISFIABLE
JW,9x9-hard,49,3245,4827,8.00594186782837,SATISFIABLE
JW,9x9-hard,5,10023,15003,22.424068689346313,SATISFIABLE
JW,9x9-hard,50,3536,5293,8.213988304138184,SATISFIABLE
JW,9x9-hard,51,873,1283,2.0740609169006348,SATISFIABLE
JW,9x9-hard,52,908,1339,2.717836856842041,SATISFIABLE
JW,9x9-hard,53,3483,5176,8.753220796585083,SATISFIABLE
JW,9x9-hard,54,535,767,1.950948715209961,SATISFIABLE
JW,9x9-hard,55,3125,4635,6.499356746673584,SATISFIABLE
JW,9x9-hard,56,3125,4635,6.499356746673584,UNSATISFIABLE
JW,9x9-hard,57,2916,4324,6.698230028152466,SATISFIABLE
JW,9x9-hard,58,4587,6869,11.912254810333252,SATISFIABLE
JW,9x9-hard,59,29958,44901,79.09362983703613,SATISFIABLE
JW,9x9-hard,6,3129,4660,7.5343639850616455,SATISFIABLE
JW,9x9-hard,60,916,1357,1.7962281703948975,SATISFIABLE
JW,9x9-hard,61,4103,6122,10.732240915298462,SATISFIABLE
JW,9x9-hard,62,524,761,1.492265224456787,SATISFIABLE
JW,9x9-hard,63,1109,1639,2.7557411193847656,SATISFIABLE
JW,9x9-hard,64,83,113,0.4842960834503174,SATISFIABLE
JW,9x9-hard,65,3523,5260,8.853683948516846,SATISFIABLE
JW,9x9-hard,66,20554,30785,54.54344201087952,SATISFIABLE
JW,9x9-hard,67,4005,5993,10.069756984710693,SATISFIABLE
JW,9x9-hard,68,113,148,0.47701573371887207,SATISFIABLE
JW,9x9-hard,69,5875,8780,15.676913976669312,SATISFIABLE
JW,9x9-hard,7,10,8,0.34462738037109375,SATISFIABLE
JW,9x9-hard,70,96,123,0.5306522846221924,SATISFIABLE
JW,9x9-hard,71,7413,11109,19.728374004364014,SATISFIABLE
JW,9x9-hard,72,261,372,0.8350448608398438,SATISFIABLE
JW,9x9-hard,73,593,871,1.8522908687591553,SATISFIABLE
JW,9x9-hard,74,10504,15711,24.54924702644348,SATISFIABLE
JW,9x9-hard,75,10899,16323,25.11982226371765,SATISFIABLE
JW,9x9-hard,76,908,1321,1.8448429107666016,SATISFIABLE
JW,9x9-hard,77,6378,9539,16.257002115249634,SATISFIABLE
JW,9x9-hard,78,9144,13680,18.988803148269653,SATISFIABLE
JW,9x9-hard,79,935,1383,3.0100390911102295,SATISFIABLE
JW,9x9-hard,8,12,10,0.35056424140930176,SATISFIABLE
JW,9x9-hard,80,17,14,0.3723330497741699,SATISFIABLE
JW,9x9-hard,81,3268,4880,8.345277070999146,SATISFIABLE
JW,9x9-hard,82,3487,5204,7.940752983093262,SATISFIABLE
JW,9x9-hard,83,219,293,0.9261331558227539,SATISFIABLE
JW,9x9-hard,84,664,981,1.7127931118011475,SATISFIABLE
JW,9x9-hard,85,574,836,1.3665249347686768,SATISFIABLE
JW,9x9-hard,86,1425,2110,3.044027090072632,SATISFIABLE
JW,9x9-hard,87,1272,1876,2.4061410427093506,SATISFIABLE
JW,9x9-hard,88,507,745,1.2720799446105957,SATISFIABLE
JW,9x9-hard,89,4651,6946,10.182892084121704,SATISFIABLE
JW,9x9-hard,9,3376,5038,7.006449222564697,SATISFIABLE
JW,9x9-hard,90,207,281,0.7903339862823486,SATISFIABLE
JW,9x9-hard,91,752,1111,2.0122368335723877,SATISFIABLE
JW,9x9-hard,92,2563,3816,6.0432868003845215,SATISFIABLE
JW,9x9-hard,93,979,1434,2.375662088394165,SATISFIABLE
JW,9x9-hard,94,1055,1530,2.909090995788574,SATISFIABLE
JW,9x9-hard,95,905,1340,3.098106861114502,SATISFIABLE
JW,9x9-hard,96,490,729,1.454606056213379,SATISFIABLE
JW,9x9-hard,97,316,446,0.9232547283172607,SATISFIABLE
JW,9x9-hard,98,4628,6907,11.566324234008789,SATISFIABLE
JW,9x9-hard,99,105,143,0.5572531223297119,SATISFIABLE
JW,9x9,1,12,10,0.30043697357177734,SATISFIABLE
JW,9x9,10,112,148,0.5543179512023926,SATISFIABLE
JW,9x9,100,1,0,0.30521440505981445,SATISFIABLE
JW,9x9,11,139,194,0.5317728519439697,SATISFIABLE
JW,9x9,12,1,0,0.2981700897216797,SATISFIABLE
JW,9x9,13,36,34,0.3433561325073242,SATISFIABLE
JW,9x9,14,32,30,0.35444116592407227,SATISFIABLE
JW,9x9,15,23,22,0.323897123336792,SATISFIABLE
JW,9x9,16,76,94,0.4436359405517578,SATISFIABLE
JW,9x9,17,1,0,0.3050508499145508,SATISFIABLE
JW,9x9,18,1,0,0.30430006980895996,SATISFIABLE
JW,9x9,19,1,0,0.3003709316253662,SATISFIABLE
JW,9x9,2,1,0,0.3004121780395508,SATISFIABLE
JW,9x9,20,1,0,0.3047161102294922,SATISFIABLE
JW,9x9,21,1,0,0.2994565963745117,SATISFIABLE
JW,9x9,22,10,8,0.32118892669677734,SATISFIABLE
JW,9x9,23,195,258,0.6614179611206055,SATISFIABLE
JW,9x9,24,1,0,0.31055188179016113,SATISFIABLE
JW,9x9,25,11,10,0.3135039806365967,SATISFIABLE
JW,9x9,26,15,12,0.32739830017089844,SATISFIABLE
JW,9x9,27,22,20,0.3269078731536865,SATISFIABLE
JW,9x9,28,4242,6320,10.94003415107727,SATISFIABLE
JW,9x9,29,1,0,0.30352210998535156,SATISFIABLE
JW,9x9,3,228,308,0.7156820297241211,SATISFIABLE
JW,9x9,30,1,0,0.30980992317199707,SATISFIABLE
JW,9x9,31,18,16,0.3273160457611084,SATISFIABLE
JW,9x9,32,1,0,0.30701112747192383,SATISFIABLE
JW,9x9,33,14,12,0.3194999694824219,SATISFIABLE
JW,9x9,34,1,0,0.31217384338378906,SATISFIABLE
JW,9x9,35,168,247,0.7089579105377197,SATISFIABLE
JW,9x9,36,2660,3964,6.974248886108398,SATISFIABLE
JW,9x9,37,10,8,0.3043677806854248,SATISFIABLE
JW,9x9,38,60,80,0.3757016658782959,SATISFIABLE
JW,9x9,39,1,0,0.31281089782714844,SATISFIABLE
JW,9x9,4,1,0,0.3015413284301758,SATISFIABLE
JW,9x9,40,4,2,0.30649805068969727,SATISFIABLE
JW,9x9,41,4826,7210,11.360472917556763,SATISFIABLE
JW,9x9,42,1,0,0.30672693252563477,SATISFIABLE
JW,9x9,43,1,0,0.3030850887298584,SATISFIABLE
JW,9x9,44,24,22,0.3483257293701172,SATISFIABLE
JW,9x9,45,135,174,0.5348601341247559,SATISFIABLE
JW,9x9,46,47,44,0.4161190986633301,SATISFIABLE
JW,9x9,47,1,0,0.3002049922943115,SATISFIABLE
JW,9x9,48,1,0,0.3006913661956787,SATISFIABLE
JW,9x9,49,13,10,0.3570380210876465,SATISFIABLE
JW,9x9,5,1,0,0.3021202087402344,SATISFIABLE
JW,9x9,50,124,167,0.5372810363769531,SATISFIABLE
JW,9x9,51,1,0,0.30472707748413086,SATISFIABLE
JW,9x9,52,1,0,0.2996540069580078,SATISFIABLE
JW,9x9,53,8,6,0.3163180351257324,SATISFIABLE
JW,9x9,54,1,0,0.2941930294036865,SATISFIABLE
JW,9x9,55,120,162,0.5767810344696045,SATISFIABLE
JW,9x9,56,387,562,1.0007648468017578,SATISFIABLE
JW,9x9,57,1,0,0.29800891876220703,SATISFIABLE
JW,9x9,58,1,0,0.31152892112731934,SATISFIABLE
JW,9x9,59,516,738,1.5664710998535156,SATISFIABLE
JW,9x9,6,46,56,0.42505693435668945,SATISFIABLE
JW,9x9,60,636,933,1.8353149890899658,SATISFIABLE
JW,9x9,61,153,222,0.6912519931793213,SATISFIABLE
JW,9x9,62,1,0,0.3071589469909668,SATISFIABLE
JW,9x9,63,32,30,0.32881617546081543,SATISFIABLE
JW,9x9,64,1,0,0.30359911918640137,SATISFIABLE
JW,9x9,65,1,0,0.30721092224121094,SATISFIABLE
JW,9x9,66,27,24,0.3853628635406494,SATISFIABLE
JW,9x9,67,1,0,0.3102140426635742,SATISFIABLE
JW,9x9,68,255,359,0.7282571792602539,SATISFIABLE
JW,9x9,69,1,0,0.3167400360107422,SATISFIABLE
JW,9x9,7,1,0,0.29807305335998535,SATISFIABLE
JW,9x9,70,1,0,0.300753116607666,SATISFIABLE
JW,9x9,71,3677,5479,11.925379037857056,SATISFIABLE
JW,9x9,72,141,179,0.509721040725708,SATISFIABLE
JW,9x9,73,106,135,0.46593594551086426,SATISFIABLE
JW,9x9,74,202,284,0.6556122303009033,SATISFIABLE
JW,9x9,75,1,0,0.3076930046081543,SATISFIABLE
JW,9x9,76,1,0,0.30328822135925293,SATISFIABLE
JW,9x9,77,1,0,0.3087918758392334,SATISFIABLE
JW,9x9,78,1,0,0.31281304359436035,SATISFIABLE
JW,9x9,79,88,119,0.4643070697784424,SATISFIABLE
JW,9x9,8,1,0,0.309567928314209,SATISFIABLE
JW,9x9,80,38,36,0.3429229259490967,SATISFIABLE
JW,9x9,81,171,229,0.8635718822479248,SATISFIABLE
JW,9x9,82,272,397,0.8092150688171387,SATISFIABLE
JW,9x9,83,1,0,0.3000960350036621,SATISFIABLE
JW,9x9,84,321,447,0.8688561916351318,SATISFIABLE
JW,9x9,85,1,0,0.3083467483520508,SATISFIABLE
JW,9x9,86,12,10,0.32846903800964355,SATISFIABLE
JW,9x9,87,2,0,0.3126108646392822,SATISFIABLE
JW,9x9,88,1,0,0.2997148036956787,SATISFIABLE
JW,9x9,89,18,16,0.32253003120422363,SATISFIABLE
JW,9x9,9,1,0,0.301832914352417,SATISFIABLE
JW,9x9,90,50,48,0.3704979419708252,SATISFIABLE
JW,9x9,91,102,132,0.44382810592651367,SATISFIABLE
JW,9x9,92,18,16,0.35160398483276367,SATISFIABLE
JW,9x9,93,204,293,0.8210151195526123,SATISFIABLE
JW,9x9,94,1,0,0.30233025550842285,SATISFIABLE
JW,9x9,95,1,0,0.31270313262939453,SATISFIABLE
JW,9x9,96,22,18,0.33099794387817383,SATISFIABLE
JW,9x9,97,34,32,0.3302590847015381,SATISFIABLE
JW,9x9,98,78,93,0.44750523567199707,SATISFIABLE
JW,9x9,99,30,28,0.39510488510131836,SATISFIABLE
